preprocess_level,feature_level,classifier,train_size_key,n_train_per_class,n_train_total,feature_dim,train_accuracy,train_precision_macro,train_recall_macro,train_f1_macro,val_accuracy,val_precision_macro,val_recall_macro,val_f1_macro,fit_time_sec,train_predict_time_sec,val_predict_time_sec,seed,timestamp
P3_square_flip_unsharp,hog2_slbp,pca_svm_c3,80,80,320,11752,1.0,1.0,1.0,1.0,0.712,0.7120848339335735,0.712,0.711971197119712,1.078199431009125,0.10989302399684675,0.32863827599794604,42,2026-09-25T02:16:41+00:00
P3_square_flip_unsharp,hog2_slbp,pca_svm_c3,200,200,800,11752,1.0,1.0,1.0,1.0,0.735,0.736028138571618,0.735,0.7347111003883229,1.9157908250053879,0.26504574800492264,0.30174827699374873,42,2026-09-25T02:16:42+00:00
P3_square_flip_unsharp,hog2_slbp,pca_svm_c3,500,500,2000,11752,0.999,0.999001996007984,0.999,0.998999998999999,0.78,0.7821852425180598,0.78,0.7795732538193944,3.582285505006439,2.477439246009453,1.0981479050096823,42,2026-09-25T02:16:48+00:00
P3_square_flip_unsharp,hog2_slbp,pca_svm_c3,1000,1000,4000,11752,0.9985,0.9984909456740443,0.9985133795837463,0.9984999156202536,0.801,0.802482162596724,0.8009999999999999,0.8007559260093615,9.145941380003933,2.6295847260043956,1.9992655189998914,42,2026-09-25T02:16:57+00:00
P3_square_flip_unsharp,hog2_slbp,pca_svm_c3,5000,5000,20000,11752,0.9965,0.9965024965024964,0.9965099441591065,0.9964999921249823,0.842,0.8432356483340024,0.8420000000000001,0.8418576719047143,184.18012058299792,12.223079040995799,6.235040323997964,42,2026-09-25T02:20:15+00:00
P3_square_flip_unsharp,hog2_slbp,pca_svm_c3,10000,10000,40000,11752,0.9965,0.9964979439671035,0.996502412560314,0.9964999291235648,0.856,0.8560911593367903,0.856,0.8559907834101382,1534.7761525100068,29.089111738008796,15.022097018008935,42,2026-09-25T04:20:16+00:00
P3_square_flip_unsharp,hog2_slbp,pca_svm_c3,max,11498,45992,11752,0.997,0.9970058922121197,0.9969959519352309,0.996999924998125,0.866,0.8661464585834333,0.866,0.865986598659866,2010.450644437995,25.63666844299587,11.281332971004304,42,2026-09-25T04:31:25+00:00
P3_square_flip_rl,hog2_slbp,pca_svm_c3,80,80,320,11752,1.0,1.0,1.0,1.0,0.722,0.7232897214309855,0.722,0.7215979874939413,0.8922184709954308,0.14455477400042582,0.43671553500462323,42,2026-09-25T04:39:42+00:00
P3_square_flip_rl,hog2_slbp,pca_svm_c3,200,200,800,11752,1.0,1.0,1.0,1.0,0.743,0.7439376965053666,0.743,0.7427527854267951,1.835997428992414,0.24012008299177978,0.3324562839989085,42,2026-09-25T04:39:43+00:00
P3_square_flip_rl,hog2_slbp,pca_svm_c3,500,500,2000,11752,1.0,1.0,1.0,1.0,0.775,0.7797273929406978,0.7749999999999999,0.7740453415681253,3.5708048989909003,2.2358688929962227,1.0354646089981543,42,2026-09-25T04:39:49+00:00
P3_square_flip_rl,hog2_slbp,pca_svm_c3,1000,1000,4000,11752,1.0,1.0,1.0,1.0,0.791,0.7953966842483524,0.7909999999999999,0.7902194064112563,8.188618083993788,2.6658773480012314,1.727885761007201,42,2026-09-25T04:39:57+00:00
P3_square_flip_rl,hog2_slbp,pca_svm_c3,5000,5000,20000,11752,0.998,0.9979979919919679,0.998003968063489,0.997999981999838,0.838,0.8386556373138396,0.838,0.8379215540321515,183.7919650679978,14.223254875003477,7.147612337997998,42,2026-09-25T04:43:17+00:00
P3_square_flip_rl,hog2_slbp,pca_svm_c3,10000,10000,40000,11752,0.9965,0.996496985987944,0.9965074126853171,0.9964999571244748,0.845,0.845233377763368,0.845,0.8449738005722968,1455.9415339940024,28.996429930004524,14.777899918000912,42,2026-09-25T05:05:10+00:00
P3_square_flip_rl,hog2_slbp,pca_svm_c3,max,11498,45992,11752,0.9985,0.9984984864863784,0.9985019760316165,0.9984999816247749,0.849,0.8495046847648003,0.849,0.8489454693144225,1915.5343465519982,23.54737240099348,10.985802593990229,42,2026-09-25T05:16:11+00:00
P3_square_flip_r192,hog2_slbp,pca_svm_c3,80,80,320,12696,1.0,1.0,1.0,1.0,0.701,0.7010072362605054,0.701,0.7009973089757808,0.9216372759983642,0.1531885720032733,0.48837589799950365,42,2026-09-25T05:25:01+00:00
P3_square_flip_r192,hog2_slbp,pca_svm_c3,200,200,800,12696,1.0,1.0,1.0,1.0,0.758,0.7596618357487923,0.758,0.7576121794871795,1.9559051710093627,0.23460022801009472,0.2860328520037001,42,2026-09-25T05:25:02+00:00
P3_square_flip_r192,hog2_slbp,pca_svm_c3,500,500,2000,12696,0.999,0.999001996007984,0.999,0.998999998999999,0.786,0.7913895409494001,0.786,0.7850058671296073,3.7585623069899157,2.3710854850069154,1.1145993700047256,42,2026-09-25T05:25:09+00:00
P3_square_flip_r192,hog2_slbp,pca_svm_c3,1000,1000,4000,12696,0.999,0.998992950654582,0.9990089197224975,0.9989999359959038,0.808,0.811912632056517,0.808,0.8073959938366718,8.63017286300601,2.49300025300181,1.3131316390063148,42,2026-09-25T05:25:17+00:00
P3_square_flip_r192,hog2_slbp,pca_svm_c3,5000,5000,20000,12696,0.9965,0.9964984964984964,0.9965059440951055,0.9964999781248634,0.848,0.8490947611710324,0.848,0.8478807384989833,181.0386766439915,13.562569275993155,6.848951527994359,42,2026-09-25T05:28:33+00:00
